nm,lineA1,lineA2,LineB1,LineB2,LineC1,LineC2
350,0.10118,0.10713,0.12569,0.11984,0.14969,0.14337
350.5,0.10451,0.10587,0.12776,0.12366,0.1525,0.14153
351,0.10425,0.10988,0.12357,0.12117,0.15469,0.14813
351.5,0.10414,0.10927,0.13036,0.12102,0.15715,0.14915
352,0.10555,0.10983,0.13409,0.12527,0.15652,0.14798
352.5,0.10722,0.11481,0.12935,0.12762,0.15762,0.15077
353,0.10411,0.1125,0.13263,0.12592,0.15628,0.14949
353.5,0.10428,0.11328,0.13162,0.12766,0.15778,0.15315
354,0.10506,0.11192,0.13017,0.12604,0.15877,0.1506
354.5,0.10649,0.10892,0.13332,0.12379,0.15846,0.15044
355,0.10158,0.11125,0.12794,0.12602,0.15726,0.14893
355.5,0.10585,0.11243,0.13303,0.12689,0.16125,0.15147
356,0.10988,0.11349,0.13042,0.12906,0.16165,0.15723
356.5,0.10712,0.11661,0.13286,0.13187,0.16222,0.15326
357,0.10721,0.11694,0.13753,0.13344,0.16876,0.16095
357.5,0.11369,0.1201,0.13861,0.13478,0.17053,0.16121
358,0.11198,0.1176,0.14241,0.13715,0.17209,0.15991
358.5,0.11803,0.12115,0.14168,0.1362,0.1716,0.1615
359,0.11482,0.12418,0.14067,0.13782,0.17233,0.1609
359.5,0.11301,0.12216,0.13995,0.13412,0.1712,0.16113
360,0.1145,0.1185,0.13979,0.13835,0.174,0.16197
360.5,0.11526,0.12099,0.1441,0.13614,0.17386,0.16415
361,0.11449,0.12708,0.14587,0.14178,0.17935,0.16922
361.5,0.11989,0.12793,0.1474,0.14417,0.18254,0.16983
362,0.12,0.1275,0.151,0.14285,0.18407,0.17097
362.5,0.12389,0.1291,0.14931,0.14607,0.18259,0.17546
363,0.1207,0.1302,0.15259,0.14958,0.18513,0.17746
363.5,0.12462,0.13321,0.14755,0.15001,0.18411,0.17432
364,0.12314,0.13248,0.15381,0.14499,0.18529,0.17555
364.5,0.12123,0.12965,0.15291,0.14661,0.18976,0.17354
365,0.12991,0.13451,0.15675,0.1505,0.18985,0.18184
365.5,0.12679,0.13286,0.15604,0.15462,0.1895,0.18295
366,0.12709,0.13695,0.164,0.15514,0.19582,0.18521
366.5,0.12871,0.13887,0.16098,0.15785,0.1945,0.18814
367,0.1315,0.14146,0.16356,0.15952,0.20157,0.1927
367.5,0.13553,0.1461,0.16829,0.16559,0.20058,0.18787
368,0.13593,0.14832,0.17114,0.16695,0.2065,0.19737
368.5,0.1414,0.14758,0.17505,0.16632,0.20862,0.1971
369,0.13736,0.14885,0.17332,0.16707,0.21126,0.20273
369.5,0.14034,0.14742,0.17213,0.17308,0.21028,0.20338
370,0.14078,0.14996,0.17461,0.1713,0.2101,0.20271
370.5,0.14436,0.15218,0.18027,0.17056,0.21577,0.20358
371,0.14313,0.15196,0.1813,0.17093,0.21486,0.207
371.5,0.14464,0.1566,0.18202,0.17834,0.21617,0.20525
372,0.14661,0.15247,0.18311,0.17749,0.21957,0.20982
372.5,0.14767,0.15878,0.18564,0.17648,0.22475,0.21001
373,0.14798,0.15752,0.18655,0.17975,0.22208,0.21094
373.5,0.14696,0.15851,0.18607,0.18069,0.22575,0.21263
374,0.15111,0.15961,0.18483,0.18028,0.2272,0.21523
374.5,0.14958,0.15955,0.19026,0.18196,0.22772,0.21384
375,0.15164,0.16333,0.19148,0.18307,0.22975,0.21759
375.5,0.15158,0.16171,0.19232,0.18906,0.22971,0.21916
376,0.15453,0.16631,0.196,0.1889,0.23386,0.22379
376.5,0.15793,0.16632,0.19659,0.18922,0.23332,0.22215
377,0.15813,0.16493,0.19713,0.19031,0.23657,0.22282
377.5,0.15723,0.16701,0.19724,0.19044,0.23792,0.22675
378,0.15721,0.16795,0.19899,0.19206,0.23811,0.22615
378.5,0.15923,0.16765,0.19978,0.19611,0.24014,0.22502
379,0.16145,0.16977,0.20253,0.19832,0.24396,0.23145
379.5,0.16374,0.17125,0.20038,0.19423,0.24214,0.23123
380,0.16109,0.17058,0.2014,0.19432,0.24458,0.23082
380.5,0.16161,0.17189,0.20247,0.19412,0.2415,0.22916
381,0.15816,0.17061,0.20148,0.19391,0.24486,0.22775
381.5,0.16026,0.17108,0.20139,0.19534,0.24518,0.22981
382,0.16347,0.17261,0.20335,0.19839,0.24519,0.2301
382.5,0.16386,0.17232,0.20488,0.19835,0.24603,0.23454
383,0.15939,0.17206,0.20442,0.19722,0.24626,0.23392
383.5,0.16127,0.17188,0.20262,0.19527,0.24492,0.23236
384,0.15871,0.16989,0.20229,0.1947,0.24231,0.23155
384.5,0.16289,0.17114,0.2049,0.19736,0.2459,0.23253
385,0.1617,0.17021,0.20515,0.19656,0.24483,0.23283
385.5,0.16273,0.16901,0.20158,0.19742,0.24367,0.23373
386,0.16182,0.17255,0.20676,0.19701,0.24687,0.23465
386.5,0.16225,0.17236,0.20221,0.19482,0.24762,0.23547
387,0.16342,0.17029,0.20421,0.19824,0.24828,0.23544
387.5,0.1604,0.17006,0.20618,0.19983,0.24626,0.23289
388,0.16226,0.17369,0.20262,0.201,0.24681,0.23189
388.5,0.15974,0.17407,0.20651,0.19896,0.24763,0.23323
389,0.16383,0.17107,0.20599,0.20056,0.2487,0.23535
389.5,0.16354,0.17426,0.20401,0.20007,0.24904,0.23708
390,0.16255,0.17224,0.20259,0.20035,0.24698,0.23491
390.5,0.16495,0.17422,0.20514,0.19984,0.24879,0.23666
391,0.16382,0.1756,0.20552,0.19954,0.25087,0.23689
391.5,0.1671,0.17729,0.20906,0.20087,0.25336,0.24117
392,0.16751,0.17934,0.21101,0.20465,0.25284,0.23914
392.5,0.16678,0.17714,0.21136,0.20462,0.25392,0.24095
393,0.16782,0.17757,0.21068,0.20328,0.25278,0.23891
393.5,0.16458,0.17494,0.20807,0.20361,0.25195,0.23744
394,0.16687,0.17665,0.21049,0.2058,0.25227,0.24266
394.5,0.16862,0.17941,0.21431,0.20535,0.25706,0.24242
395,0.16948,0.181,0.21338,0.20586,0.25874,0.24638
395.5,0.16995,0.18434,0.21608,0.20715,0.2621,0.24716
396,0.17238,0.18559,0.21774,0.21193,0.26395,0.24969
396.5,0.17538,0.18639,0.22128,0.21352,0.26398,0.25055
397,0.17606,0.18793,0.22137,0.21683,0.26707,0.25417
397.5,0.17551,0.19075,0.22404,0.21704,0.27196,0.25572
398,0.17722,0.18887,0.22661,0.21939,0.27031,0.25887
398.5,0.18275,0.19203,0.23062,0.22211,0.27406,0.26207
399,0.18221,0.1945,0.23096,0.22272,0.27814,0.26292
399.5,0.18433,0.19691,0.23366,0.22682,0.28168,0.26768
400,0.18936,0.1994,0.2379,0.23042,0.2877,0.27129
400.5,0.19139,0.20419,0.24274,0.2347,0.2908,0.27469
401,0.19485,0.20464,0.24475,0.23697,0.29341,0.27765
401.5,0.19609,0.20865,0.24985,0.2402,0.29759,0.28514
402,0.19943,0.21301,0.25127,0.24356,0.30237,0.287
402.5,0.20317,0.21767,0.25703,0.24962,0.30754,0.2935
403,0.2066,0.21925,0.25995,0.25034,0.3121,0.29538
403.5,0.21085,0.22318,0.26433,0.256,0.31743,0.29974
404,0.21056,0.22559,0.26688,0.26015,0.32208,0.30446
404.5,0.21455,0.22636,0.2726,0.26236,0.32495,0.30708
405,0.21822,0.23181,0.27739,0.26678,0.33032,0.31207
405.5,0.22102,0.23529,0.27919,0.27107,0.3344,0.31665
406,0.22638,0.23886,0.28249,0.27444,0.33983,0.32327
406.5,0.22795,0.24324,0.28755,0.28105,0.3441,0.32495
407,0.23015,0.24675,0.28992,0.28081,0.3472,0.33008
407.5,0.23466,0.24794,0.29346,0.285,0.35037,0.33629
408,0.23521,0.24969,0.2979,0.2876,0.35652,0.3378
408.5,0.2399,0.25354,0.30098,0.29253,0.35928,0.34157
409,0.23991,0.25507,0.30312,0.29391,0.3629,0.3445
409.5,0.24318,0.25858,0.30785,0.29947,0.36819,0.34924
410,0.24707,0.26074,0.3093,0.29935,0.37184,0.35257
410.5,0.24744,0.26276,0.3138,0.30327,0.3752,0.35327
411,0.24872,0.26335,0.31441,0.30484,0.37611,0.35722
411.5,0.25146,0.26607,0.31644,0.30658,0.38052,0.36252
412,0.25293,0.26746,0.31815,0.30888,0.38167,0.36261
412.5,0.25343,0.26892,0.31918,0.31279,0.38483,0.36533
413,0.25725,0.27182,0.32199,0.31328,0.38719,0.3685
413.5,0.25536,0.27258,0.32333,0.31155,0.39055,0.37022
414,0.25664,0.27287,0.32388,0.31693,0.38828,0.36989
414.5,0.25966,0.27345,0.32306,0.31622,0.39041,0.36792
415,0.25896,0.27354,0.32768,0.31622,0.39151,0.37224
415.5,0.26128,0.27629,0.32693,0.31683,0.39577,0.37373
416,0.25949,0.27811,0.33205,0.32179,0.39598,0.37282
416.5,0.2627,0.27614,0.32993,0.32112,0.39572,0.37706
417,0.26311,0.28032,0.32957,0.31886,0.39819,0.3784
417.5,0.26335,0.28069,0.32903,0.319,0.39851,0.37697
418,0.26462,0.27823,0.32991,0.32172,0.40002,0.37828
418.5,0.2632,0.2816,0.33173,0.32332,0.39906,0.38092
419,0.26608,0.28268,0.33406,0.32497,0.40221,0.38097
419.5,0.26747,0.28322,0.3374,0.32648,0.40192,0.38356
420,0.26727,0.285,0.338,0.32666,0.40573,0.38478
420.5,0.26971,0.28604,0.33945,0.32834,0.40948,0.38716
421,0.2718,0.28946,0.34337,0.33247,0.41182,0.38853
421.5,0.27467,0.2897,0.34296,0.33537,0.41617,0.394
422,0.27765,0.29311,0.34836,0.33781,0.41861,0.39656
422.5,0.27975,0.29718,0.35004,0.33989,0.42284,0.40237
423,0.28105,0.30075,0.354,0.34566,0.42937,0.40427
423.5,0.28616,0.30309,0.35857,0.34724,0.43044,0.40839
424,0.28883,0.30817,0.36363,0.35448,0.43712,0.41519
424.5,0.29439,0.31013,0.36667,0.35687,0.44473,0.423
425,0.29639,0.31418,0.37332,0.35948,0.44791,0.42442
425.5,0.30014,0.31837,0.37868,0.36551,0.45572,0.4326
426,0.30362,0.32335,0.38342,0.37222,0.45992,0.43771
426.5,0.30859,0.32793,0.38736,0.37582,0.46811,0.4417
427,0.31198,0.32939,0.39293,0.38037,0.47371,0.44913
427.5,0.31618,0.33755,0.39816,0.38451,0.47789,0.45409
428,0.32124,0.33961,0.40012,0.39096,0.4856,0.46068
428.5,0.3248,0.34363,0.40768,0.39644,0.48973,0.46559
429,0.32658,0.34624,0.4111,0.3999,0.49615,0.4693
429.5,0.33054,0.34984,0.41734,0.40302,0.50049,0.47566
430,0.33324,0.35393,0.41956,0.40659,0.50552,0.4776
430.5,0.33583,0.35555,0.42393,0.40875,0.5097,0.48302
431,0.3378,0.35991,0.4254,0.41273,0.51247,0.48628
431.5,0.34138,0.36082,0.42981,0.41612,0.5164,0.49019
432,0.34338,0.36433,0.43039,0.41998,0.51685,0.49103
432.5,0.34444,0.36298,0.43199,0.41983,0.51894,0.49289
433,0.34392,0.36641,0.43225,0.42012,0.51938,0.49338
433.5,0.34364,0.3654,0.4314,0.41937,0.51881,0.49373
434,0.34233,0.36443,0.43271,0.41911,0.51823,0.49196
434.5,0.34293,0.36143,0.42828,0.41591,0.51546,0.49072
435,0.34094,0.35841,0.42639,0.41455,0.51227,0.48488
435.5,0.33707,0.35626,0.422,0.41035,0.50641,0.48204
436,0.33258,0.35277,0.41676,0.40538,0.50041,0.47556
436.5,0.32831,0.34862,0.40959,0.3999,0.49355,0.46933
437,0.32288,0.34256,0.40303,0.39372,0.48599,0.45992
437.5,0.31851,0.33682,0.39951,0.38567,0.47926,0.45445
438,0.31149,0.32828,0.39015,0.3779,0.46738,0.44608
438.5,0.30579,0.32373,0.38275,0.37057,0.45975,0.43359
439,0.29893,0.31705,0.37141,0.36177,0.44879,0.42462
439.5,0.29106,0.30907,0.36351,0.35506,0.4371,0.41539
440,0.28662,0.30334,0.35672,0.3459,0.42841,0.40596
440.5,0.27794,0.29524,0.34789,0.33772,0.41711,0.39484
441,0.27304,0.29031,0.33997,0.33162,0.41068,0.38757
441.5,0.26779,0.28374,0.33217,0.32352,0.39841,0.38023
442,0.26176,0.27449,0.32529,0.31715,0.38931,0.36678
442.5,0.25417,0.27049,0.31696,0.30676,0.38033,0.3604
443,0.24931,0.26569,0.31003,0.29988,0.37148,0.35286
443.5,0.24306,0.25903,0.30232,0.29521,0.36308,0.34508
444,0.2406,0.25453,0.2975,0.28798,0.35439,0.33842
444.5,0.23572,0.25089,0.29076,0.28323,0.34941,0.33217
445,0.23422,0.24561,0.2868,0.27737,0.34279,0.32631
445.5,0.22803,0.24197,0.28082,0.2737,0.33707,0.32021
446,0.22533,0.23796,0.27821,0.2684,0.33241,0.31688
446.5,0.22054,0.23494,0.27271,0.26576,0.32817,0.31227
447,0.21828,0.23221,0.2692,0.26352,0.3235,0.30792
447.5,0.2168,0.23241,0.26575,0.25883,0.32097,0.30348
448,0.2164,0.2292,0.26558,0.25731,0.31926,0.30138
448.5,0.21397,0.22684,0.26338,0.25446,0.31558,0.29993
449,0.21292,0.2253,0.26091,0.25238,0.31352,0.29884
449.5,0.21327,0.22502,0.26045,0.25238,0.31351,0.2959
450,0.2112,0.22327,0.25877,0.24956,0.31047,0.29485
450.5,0.2108,0.22415,0.25777,0.25133,0.30893,0.29364
451,0.20996,0.22322,0.25681,0.24887,0.30907,0.29279
451.5,0.21233,0.22354,0.2581,0.24933,0.30919,0.2932
452,0.21083,0.22299,0.25716,0.24867,0.30867,0.29315
452.5,0.21109,0.22308,0.25732,0.24908,0.31029,0.29385
453,0.21165,0.22389,0.25838,0.25021,0.30838,0.29294
453.5,0.21266,0.22406,0.25775,0.24902,0.31036,0.29468
454,0.21204,0.22453,0.25826,0.24666,0.30869,0.29366
454.5,0.21167,0.22475,0.25703,0.24878,0.30957,0.29329
455,0.21095,0.22467,0.2574,0.24895,0.30911,0.293
455.5,0.21135,0.22485,0.25554,0.24765,0.31004,0.29378
456,0.21208,0.22406,0.25745,0.24965,0.30873,0.29408
456.5,0.21089,0.22438,0.2561,0.24763,0.30991,0.29214
457,0.21164,0.22301,0.25705,0.24725,0.30727,0.29288
457.5,0.2117,0.22289,0.25597,0.24692,0.30823,0.29112
458,0.21068,0.22278,0.25481,0.24718,0.30724,0.29129
458.5,0.20985,0.22363,0.25478,0.24669,0.30508,0.29024
459,0.21048,0.22224,0.25433,0.2475,0.30637,0.29004
459.5,0.20805,0.2227,0.25363,0.24504,0.30508,0.29022
460,0.20906,0.22136,0.25142,0.24522,0.30394,0.28764
460.5,0.20642,0.22148,0.24911,0.24402,0.3026,0.28709
461,0.20578,0.21815,0.24884,0.24261,0.30017,0.28578
461.5,0.20523,0.21516,0.24835,0.23927,0.29878,0.28253
462,0.20407,0.21564,0.2453,0.23944,0.29666,0.28044
462.5,0.2021,0.21336,0.24445,0.23619,0.29462,0.27847
463,0.20067,0.2131,0.24409,0.23428,0.29198,0.27678
463.5,0.19873,0.21074,0.24135,0.23164,0.28973,0.27466
464,0.19934,0.21083,0.24008,0.23248,0.29016,0.27444
464.5,0.19682,0.20752,0.23781,0.22997,0.28691,0.27101
465,0.19498,0.2067,0.23592,0.22943,0.28415,0.26944
465.5,0.19276,0.2056,0.235,0.22783,0.28143,0.26807
466,0.19138,0.20329,0.23233,0.22534,0.27904,0.26559
466.5,0.18808,0.20084,0.22964,0.22101,0.27559,0.26186
467,0.18594,0.1971,0.22798,0.22002,0.27386,0.26053
467.5,0.1841,0.19446,0.22484,0.21719,0.27116,0.25479
468,0.18324,0.19221,0.22191,0.21625,0.26706,0.25391
468.5,0.18045,0.19176,0.22009,0.21404,0.26375,0.24995
469,0.17975,0.18927,0.21823,0.21127,0.26317,0.24867
469.5,0.17726,0.18863,0.21648,0.21028,0.25912,0.24629
470,0.17502,0.18594,0.21404,0.20721,0.25821,0.24417
470.5,0.17418,0.18398,0.2121,0.20439,0.25372,0.24042
471,0.17111,0.18031,0.20946,0.20322,0.25174,0.23923
471.5,0.16862,0.1792,0.20595,0.1998,0.24878,0.23473
472,0.16791,0.17632,0.2047,0.19705,0.24554,0.23189
472.5,0.16461,0.17497,0.20285,0.19447,0.24185,0.22908
473,0.1613,0.17241,0.19905,0.19211,0.23914,0.22542
473.5,0.1613,0.16917,0.19601,0.1899,0.237,0.22462
474,0.15788,0.16823,0.19333,0.18712,0.23212,0.22057
474.5,0.15405,0.1644,0.19077,0.18304,0.22948,0.21544
475,0.15114,0.15967,0.18639,0.17984,0.2238,0.21156
475.5,0.14857,0.15779,0.18263,0.17694,0.22057,0.2092
476,0.14561,0.15443,0.17999,0.1738,0.21608,0.20544
476.5,0.14261,0.15254,0.1756,0.17114,0.21219,0.20132
477,0.13934,0.14871,0.17307,0.16782,0.20862,0.19749
477.5,0.13702,0.14557,0.17038,0.16489,0.20488,0.19421
478,0.13527,0.14326,0.16675,0.16203,0.19978,0.19034
478.5,0.13145,0.13936,0.16353,0.15958,0.19673,0.18774
479,0.12961,0.13823,0.15959,0.15587,0.19359,0.1835
479.5,0.12865,0.13385,0.15724,0.15271,0.19035,0.17873
480,0.12323,0.1313,0.15245,0.14786,0.18585,0.17513
480.5,0.12134,0.12891,0.15074,0.1456,0.1823,0.17107
481,0.11858,0.12511,0.14709,0.1418,0.17645,0.16713
481.5,0.11508,0.12128,0.1427,0.13869,0.17351,0.16389
482,0.11307,0.12015,0.14044,0.13483,0.16982,0.16138
482.5,0.11121,0.11731,0.13683,0.13176,0.16539,0.15724
483,0.10852,0.11469,0.13466,0.12943,0.16312,0.15462
483.5,0.10641,0.11108,0.13133,0.12692,0.15799,0.15105
484,0.10211,0.10858,0.12744,0.12396,0.15625,0.1469
484.5,0.09972,0.106,0.12363,0.11992,0.15213,0.14355
485,0.09731,0.10236,0.12128,0.11595,0.14723,0.14009
485.5,0.09502,0.09996,0.11682,0.11363,0.14418,0.13557
486,0.09285,0.09779,0.11441,0.11028,0.14024,0.1302
486.5,0.08975,0.0957,0.11075,0.10803,0.1358,0.12901
487,0.08775,0.09268,0.10802,0.10484,0.13139,0.12479
487.5,0.08472,0.08949,0.1039,0.10156,0.12891,0.12263
488,0.08203,0.08685,0.10103,0.09866,0.12453,0.11702
488.5,0.07947,0.08549,0.09924,0.09428,0.12238,0.11362
489,0.07816,0.08243,0.09653,0.09296,0.11734,0.11183
489.5,0.07457,0.0793,0.09222,0.08946,0.11377,0.10709
490,0.07153,0.07764,0.09013,0.08649,0.11069,0.10402
490.5,0.07069,0.07448,0.08707,0.08463,0.10832,0.10181
491,0.06812,0.0717,0.08475,0.08142,0.10451,0.09824
491.5,0.06628,0.07008,0.08145,0.07991,0.10095,0.09544
492,0.06369,0.06862,0.07875,0.07542,0.09663,0.09302
492.5,0.0614,0.06432,0.07539,0.07379,0.09378,0.08792
493,0.05879,0.06247,0.07426,0.0699,0.09079,0.08612
493.5,0.05617,0.05847,0.07111,0.06802,0.08868,0.08144
494,0.05472,0.05829,0.06883,0.06602,0.08522,0.07907
494.5,0.05235,0.05653,0.06593,0.06323,0.08058,0.07669
495,0.05092,0.05374,0.06378,0.06126,0.07808,0.07486
495.5,0.04947,0.05196,0.06192,0.05916,0.07745,0.07204
496,0.04822,0.05092,0.06,0.05753,0.07439,0.06905
496.5,0.0461,0.04881,0.05736,0.05571,0.07097,0.06721
497,0.04367,0.04652,0.05519,0.05292,0.0681,0.06458
497.5,0.0424,0.04561,0.05214,0.05032,0.06512,0.06036
498,0.04105,0.04321,0.04942,0.04886,0.06369,0.05864
498.5,0.03851,0.04214,0.04897,0.04651,0.06013,0.05632
499,0.03745,0.0397,0.04709,0.04584,0.05873,0.05507
499.5,0.03607,0.03896,0.04485,0.04347,0.05598,0.05293
500,0.03499,0.0368,0.04202,0.04198,0.05441,0.05074
500.5,0.03278,0.035,0.04272,0.03952,0.05122,0.04854
501,0.03226,0.03346,0.03871,0.03796,0.04942,0.04605
501.5,0.02963,0.0318,0.03761,0.0369,0.04829,0.04437
502,0.02969,0.03169,0.03636,0.03458,0.04726,0.04292
502.5,0.02821,0.03026,0.03503,0.03365,0.04384,0.04143
503,0.02664,0.02818,0.03403,0.03285,0.04236,0.0399
503.5,0.02655,0.02861,0.034,0.03027,0.04053,0.03778
504,0.02417,0.02623,0.03123,0.03018,0.03989,0.03618
504.5,0.02344,0.02504,0.03053,0.02948,0.03673,0.03523
505,0.02295,0.02545,0.02892,0.02722,0.03711,0.03319
505.5,0.02232,0.02435,0.02718,0.02669,0.03592,0.03281
506,0.02171,0.02304,0.02734,0.02487,0.03352,0.03139
506.5,0.02019,0.0224,0.02568,0.02452,0.0322,0.03062
507,0.01955,0.02106,0.02379,0.02335,0.03154,0.02927
507.5,0.01941,0.02039,0.02402,0.02269,0.0298,0.0275
508,0.01706,0.01961,0.02341,0.02161,0.02933,0.02687
508.5,0.01805,0.01851,0.02344,0.02055,0.02821,0.02612
509,0.01625,0.01842,0.02135,0.02003,0.02708,0.02638
509.5,0.0155,0.01701,0.02147,0.01962,0.02646,0.0247
510,0.01624,0.01706,0.02026,0.01883,0.02557,0.02235
510.5,0.01596,0.01697,0.01941,0.01855,0.0256,0.02203
511,0.01459,0.01671,0.01839,0.0182,0.02402,0.02205
511.5,0.01445,0.01596,0.01826,0.01849,0.02316,0.02214
512,0.01498,0.01524,0.01793,0.01607,0.02164,0.02048
512.5,0.01266,0.01566,0.01831,0.01732,0.02132,0.02026
513,0.01328,0.01468,0.01593,0.01643,0.02162,0.01999
513.5,0.01379,0.01543,0.0157,0.01637,0.0211,0.02
514,0.01295,0.0144,0.01581,0.01485,0.02013,0.01947
514.5,0.01292,0.01428,0.01523,0.01595,0.01927,0.01817
515,0.01337,0.01436,0.01459,0.01497,0.01929,0.01704
515.5,0.0127,0.01212,0.01485,0.01353,0.0182,0.01794
516,0.01064,0.01175,0.01448,0.01338,0.01776,0.01669
516.5,0.01144,0.01218,0.01283,0.0132,0.0183,0.01575
517,0.01006,0.01224,0.01335,0.01329,0.01782,0.01588
517.5,0.01041,0.01158,0.01257,0.01315,0.01662,0.01633
518,0.01091,0.01056,0.01326,0.01328,0.01607,0.01587
518.5,0.01027,0.01233,0.0132,0.01158,0.01653,0.01607
519,0.01041,0.0112,0.01215,0.01256,0.01765,0.01572
519.5,0.01126,0.0108,0.01408,0.01253,0.01721,0.01506
520,0.0121,0.01225,0.01306,0.01341,0.01743,0.01581
520.5,0.01001,0.01126,0.01292,0.01274,0.01659,0.01543
521,0.01112,0.01126,0.01218,0.01355,0.01648,0.01547
521.5,0.01027,0.01138,0.01167,0.0121,0.01538,0.01425
522,0.01192,0.01076,0.01378,0.01216,0.01569,0.0145
522.5,0.00987,0.01093,0.01257,0.01274,0.01575,0.01372
523,0.00923,0.01117,0.01263,0.01189,0.01639,0.01541
523.5,0.01003,0.01199,0.0136,0.01253,0.01479,0.01479
524,0.0103,0.01111,0.01245,0.01286,0.01642,0.015
524.5,0.01041,0.01009,0.01271,0.01112,0.01613,0.01549
525,0.01091,0.01096,0.0139,0.01166,0.01622,0.01514
525.5,0.01073,0.01126,0.01361,0.01381,0.01581,0.01633
526,0.01006,0.01172,0.01253,0.01212,0.0162,0.01509
526.5,0.01138,0.01117,0.01395,0.01244,0.01704,0.01472
527,0.01074,0.01254,0.01335,0.0123,0.01688,0.01431
527.5,0.01108,0.01184,0.01364,0.01233,0.01761,0.01521
528,0.01068,0.01215,0.01454,0.01315,0.01822,0.01579
528.5,0.01129,0.01346,0.0137,0.01244,0.01793,0.01518
529,0.01126,0.01341,0.01395,0.0132,0.01767,0.01584
529.5,0.01112,0.01233,0.01472,0.01367,0.01871,0.01637
530,0.0127,0.01228,0.01477,0.01422,0.01839,0.01689
530.5,0.01193,0.01329,0.01509,0.01376,0.01945,0.01723
531,0.01221,0.01305,0.01518,0.01379,0.01756,0.01688
531.5,0.0118,0.01274,0.01405,0.01347,0.01785,0.01567
532,0.0121,0.01283,0.01416,0.0137,0.0172,0.01556
532.5,0.01157,0.01239,0.01468,0.0137,0.01849,0.0172
533,0.0099,0.01184,0.01422,0.01372,0.01749,0.01671
533.5,0.01125,0.01265,0.01407,0.01242,0.01804,0.01659
534,0.01091,0.01233,0.01418,0.0132,0.01891,0.01631
534.5,0.0117,0.01277,0.0144,0.01379,0.01846,0.01534
535,0.01202,0.01292,0.01468,0.013,0.01773,0.01656
535.5,0.01257,0.01251,0.01372,0.01318,0.01694,0.01743
536,0.01233,0.01317,0.015,0.01373,0.0183,0.01669
536.5,0.01198,0.013,0.01436,0.01498,0.01839,0.01685
537,0.01202,0.01237,0.01407,0.01262,0.01849,0.01724
537.5,0.01244,0.01306,0.01457,0.01283,0.01823,0.01538
538,0.01175,0.01257,0.01479,0.01309,0.01947,0.01714
538.5,0.01239,0.01199,0.01515,0.01395,0.01833,0.01738
539,0.01216,0.01382,0.01485,0.0135,0.01833,0.01689
539.5,0.01103,0.01224,0.01503,0.01399,0.01859,0.01704
540,0.01149,0.01262,0.01512,0.01414,0.0183,0.01727
540.5,0.0128,0.01288,0.01509,0.01424,0.01802,0.01727
541,0.01233,0.01399,0.0146,0.01479,0.01855,0.01715
541.5,0.01138,0.0128,0.01509,0.01503,0.01833,0.01694
542,0.01161,0.01338,0.01485,0.01385,0.01833,0.01619
542.5,0.01318,0.01234,0.01541,0.0144,0.01939,0.01712
543,0.01228,0.01379,0.01538,0.0148,0.01895,0.01721
543.5,0.01306,0.01344,0.0153,0.01497,0.01868,0.01756
544,0.01266,0.01462,0.01572,0.01398,0.01891,0.01778
544.5,0.01334,0.01396,0.01395,0.01367,0.01868,0.01706
545,0.01218,0.01334,0.0141,0.01466,0.02003,0.01695
545.5,0.01266,0.01329,0.01585,0.01517,0.01892,0.01675
546,0.01189,0.01286,0.01436,0.01413,0.01875,0.01773
546.5,0.01164,0.01277,0.01399,0.01471,0.01759,0.01675
547,0.01233,0.01262,0.01482,0.0135,0.01796,0.01756
547.5,0.01189,0.01189,0.01439,0.01378,0.01765,0.01631
548,0.01089,0.01215,0.01498,0.01299,0.01793,0.0154
548.5,0.01175,0.01227,0.01422,0.01315,0.01694,0.01642
549,0.01189,0.01245,0.01489,0.01419,0.01755,0.01671
549.5,0.01196,0.0136,0.01535,0.01308,0.01768,0.01599
550,0.01219,0.01295,0.01479,0.01488,0.01929,0.01804
550.5,0.013,0.01352,0.01605,0.01602,0.01967,0.01784
551,0.01202,0.01291,0.0153,0.01462,0.01935,0.01758
551.5,0.01292,0.0137,0.01515,0.01424,0.01898,0.01793
552,0.01134,0.01309,0.0136,0.01414,0.01938,0.01724
552.5,0.01248,0.01233,0.01477,0.01532,0.01868,0.0181
553,0.01234,0.01335,0.01607,0.01399,0.01917,0.01646
553.5,0.01126,0.01292,0.01477,0.01392,0.0188,0.01822
554,0.01254,0.01279,0.01581,0.01488,0.01973,0.01711
554.5,0.01306,0.01385,0.01563,0.01584,0.01875,0.01849
555,0.0126,0.01416,0.01559,0.01509,0.01912,0.01891
555.5,0.0144,0.01466,0.01622,0.01534,0.02003,0.01859
556,0.01389,0.01488,0.01572,0.01535,0.02122,0.0197
556.5,0.01395,0.01398,0.01552,0.0159,0.02098,0.01923
557,0.01343,0.01463,0.01706,0.01549,0.02106,0.01985
557.5,0.01416,0.01558,0.0182,0.01634,0.02101,0.01999
558,0.01514,0.01607,0.0173,0.01747,0.02142,0.02092
558.5,0.0144,0.01518,0.01828,0.01736,0.0226,0.02101
559,0.01477,0.01646,0.01808,0.01688,0.02213,0.02057
559.5,0.01436,0.01553,0.01863,0.01758,0.02307,0.02109
560,0.01588,0.01532,0.01837,0.01802,0.02191,0.02119
560.5,0.0144,0.01616,0.01831,0.01723,0.02289,0.02098
561,0.0157,0.0161,0.01875,0.01846,0.02377,0.02208
561.5,0.01625,0.01703,0.0197,0.01894,0.02411,0.02312
562,0.0154,0.01704,0.01994,0.01944,0.02457,0.02191
562.5,0.01688,0.01761,0.01938,0.02051,0.02496,0.02299
563,0.01764,0.01823,0.02087,0.01952,0.02519,0.02367
563.5,0.01703,0.01839,0.02127,0.02032,0.02609,0.02412
564,0.01756,0.01894,0.02138,0.02138,0.02644,0.02513
564.5,0.0177,0.01872,0.02188,0.02063,0.02695,0.02521
565,0.01811,0.01984,0.02216,0.02269,0.02774,0.02628
565.5,0.01918,0.0201,0.02263,0.02258,0.02846,0.02716
566,0.01974,0.02126,0.0233,0.02376,0.02937,0.028
566.5,0.01999,0.02046,0.02339,0.02402,0.03027,0.02747
567,0.02042,0.02188,0.0256,0.02362,0.02951,0.02899
567.5,0.0199,0.02164,0.02576,0.02443,0.0307,0.02954
568,0.02119,0.02147,0.02567,0.02431,0.03105,0.02962
568.5,0.02069,0.02306,0.02629,0.0248,0.03267,0.02972
569,0.02069,0.02287,0.02699,0.02567,0.03195,0.03113
569.5,0.02107,0.02243,0.02596,0.02577,0.03252,0.03116
570,0.02179,0.02411,0.02687,0.02649,0.03297,0.0313
570.5,0.02193,0.02377,0.02768,0.02701,0.03421,0.03206
571,0.0228,0.02423,0.02888,0.0274,0.03387,0.03206
571.5,0.02284,0.0251,0.02875,0.02757,0.03447,0.03293
572,0.02284,0.02408,0.02835,0.02824,0.03574,0.03287
572.5,0.02383,0.02576,0.02907,0.02872,0.0358,0.03349
573,0.02457,0.02554,0.0291,0.02821,0.03563,0.03441
573.5,0.02422,0.02557,0.03026,0.02858,0.03647,0.03419
574,0.02528,0.02638,0.02905,0.02838,0.03572,0.03423
574.5,0.02435,0.02655,0.03049,0.0293,0.03792,0.03505
575,0.02457,0.02635,0.02934,0.02953,0.037,0.03574
575.5,0.02507,0.0256,0.03104,0.02907,0.03706,0.03537
576,0.02455,0.02554,0.03041,0.02855,0.03673,0.03545
576.5,0.02568,0.02676,0.03123,0.02989,0.03783,0.03528
577,0.02441,0.02757,0.03181,0.02983,0.03931,0.03619
577.5,0.0256,0.02861,0.03195,0.03059,0.03784,0.0378
578,0.02547,0.02701,0.03223,0.03195,0.03873,0.03807
578.5,0.02618,0.02811,0.03287,0.03145,0.03955,0.03738
579,0.02612,0.02745,0.03305,0.03181,0.04008,0.03859
579.5,0.02707,0.02884,0.03287,0.03198,0.04033,0.03889
580,0.02663,0.0284,0.03285,0.0323,0.03979,0.03862
580.5,0.02783,0.02882,0.03401,0.03285,0.04095,0.0377
581,0.02753,0.02855,0.03455,0.03258,0.03996,0.03845
581.5,0.028,0.02893,0.03377,0.03261,0.04086,0.03851
582,0.02953,0.02946,0.03427,0.03261,0.0414,0.03932
582.5,0.02818,0.02928,0.0336,0.03226,0.04143,0.03986
583,0.02831,0.03027,0.03464,0.03328,0.04292,0.03944
583.5,0.02808,0.03116,0.03644,0.03371,0.04279,0.04018
584,0.02927,0.03062,0.03537,0.03476,0.04251,0.04085
584.5,0.02866,0.03091,0.0358,0.03445,0.04247,0.0414
585,0.02942,0.02977,0.03423,0.03358,0.04237,0.03934
585.5,0.02837,0.02969,0.03377,0.03322,0.04202,0.03937
586,0.02875,0.02969,0.03502,0.03358,0.0415,0.03918
586.5,0.02858,0.02933,0.03477,0.03355,0.04198,0.04034
587,0.02946,0.03008,0.0349,0.03387,0.04236,0.04022
587.5,0.02872,0.02998,0.03558,0.03386,0.04279,0.03976
588,0.02856,0.03011,0.03477,0.03305,0.04291,0.0396
588.5,0.02812,0.0289,0.0351,0.03374,0.04192,0.03905
589,0.02786,0.03,0.03477,0.03368,0.04193,0.03995
589.5,0.02753,0.03101,0.03432,0.03305,0.04114,0.03967
590,0.02736,0.03029,0.03366,0.03368,0.04193,0.03853
590.5,0.02734,0.02875,0.03371,0.03242,0.0415,0.03818
591,0.02798,0.02924,0.03537,0.03357,0.04114,0.03868
591.5,0.02754,0.02974,0.03406,0.03285,0.04167,0.03868
592,0.02829,0.02914,0.03461,0.03235,0.04198,0.03954
592.5,0.02678,0.02977,0.03375,0.03252,0.04176,0.03896
593,0.02815,0.02954,0.03445,0.03305,0.04201,0.03952
593.5,0.02806,0.03036,0.03511,0.03348,0.04263,0.03949
594,0.02898,0.03123,0.03441,0.03278,0.04306,0.03865
594.5,0.02777,0.0305,0.03461,0.03358,0.04321,0.03969
595,0.02887,0.03157,0.03477,0.03391,0.0435,0.04132
595.5,0.02934,0.03162,0.035,0.03432,0.043,0.04114
596,0.02873,0.03145,0.03528,0.0341,0.04349,0.04156
596.5,0.02917,0.03008,0.03593,0.03433,0.04436,0.04143
597,0.02943,0.0313,0.03618,0.03494,0.0441,0.04062
597.5,0.02954,0.03162,0.03709,0.03464,0.04404,0.04254
598,0.03014,0.03276,0.03799,0.03546,0.04515,0.04251
598.5,0.03114,0.03391,0.03801,0.03595,0.04556,0.0439
599,0.03142,0.03374,0.03772,0.03712,0.04716,0.04454
599.5,0.03185,0.03456,0.03993,0.03873,0.04785,0.04578
600,0.03316,0.03473,0.04131,0.03999,0.05003,0.04579
600.5,0.03328,0.03529,0.04105,0.03998,0.04872,0.04633
601,0.03261,0.03542,0.0407,0.03825,0.04889,0.0466
601.5,0.03343,0.0352,0.0415,0.03969,0.04984,0.04716
602,0.03355,0.03528,0.04187,0.04045,0.05078,0.04825
602.5,0.03465,0.03627,0.04332,0.04108,0.05267,0.04854
603,0.03481,0.03761,0.04449,0.04259,0.0527,0.05016
603.5,0.035,0.0381,0.04463,0.04329,0.05344,0.04997
604,0.03604,0.03844,0.04477,0.04396,0.05351,0.05077
604.5,0.03706,0.0386,0.04509,0.04312,0.0545,0.05077
605,0.037,0.03986,0.04617,0.04434,0.0555,0.05203
605.5,0.03763,0.03934,0.0463,0.04568,0.05641,0.05336
606,0.03708,0.04041,0.04729,0.0463,0.05783,0.0545
606.5,0.03899,0.0415,0.0475,0.04745,0.05856,0.05461
607,0.04012,0.04245,0.04958,0.04807,0.06027,0.05586
607.5,0.04117,0.04323,0.05003,0.04906,0.06203,0.05716
608,0.04146,0.04404,0.05069,0.05058,0.06149,0.0583
608.5,0.04112,0.04411,0.05109,0.05002,0.06288,0.05931
609,0.04187,0.04515,0.05165,0.05014,0.06355,0.05888
609.5,0.04204,0.04462,0.05156,0.04974,0.06226,0.06013
610,0.04272,0.04443,0.05353,0.05023,0.06386,0.06081
610.5,0.04213,0.04482,0.0531,0.05174,0.06464,0.05994
611,0.04265,0.04477,0.05339,0.05106,0.06454,0.06113
611.5,0.04242,0.04527,0.05327,0.05205,0.06619,0.0605
612,0.04286,0.04681,0.05438,0.05319,0.06624,0.06221
612.5,0.0439,0.0466,0.05507,0.05312,0.06606,0.06293
613,0.04427,0.04832,0.05594,0.05409,0.06712,0.06367
613.5,0.0439,0.04759,0.05621,0.05362,0.06769,0.06381
614,0.04427,0.04834,0.05534,0.05219,0.06769,0.06369
614.5,0.04373,0.04735,0.05479,0.0536,0.06697,0.06308
615,0.04373,0.04692,0.05579,0.0536,0.06667,0.06441
615.5,0.04375,0.04697,0.05553,0.05318,0.06728,0.06262
616,0.04482,0.0475,0.05644,0.0537,0.06731,0.06351
616.5,0.04443,0.04787,0.05698,0.05455,0.06914,0.06445
617,0.04466,0.04858,0.05716,0.05443,0.06985,0.06596
617.5,0.04599,0.0491,0.05783,0.0556,0.06909,0.06549
618,0.04507,0.049,0.0575,0.05519,0.06895,0.06631
618.5,0.04544,0.04849,0.05762,0.05516,0.069,0.06526
619,0.04494,0.04768,0.05652,0.05559,0.06857,0.06436
619.5,0.04454,0.04791,0.05711,0.05408,0.06909,0.06459
620,0.04518,0.04836,0.05698,0.05553,0.06853,0.06595
620.5,0.04463,0.04819,0.05704,0.05493,0.06905,0.06538
621,0.0452,0.04752,0.05605,0.05373,0.06729,0.06499
621.5,0.04507,0.04753,0.05553,0.05461,0.06792,0.06416
622,0.04436,0.04691,0.05551,0.05353,0.06743,0.06389
622.5,0.0442,0.04697,0.0558,0.05374,0.06715,0.06293
623,0.04344,0.04555,0.05493,0.05283,0.06732,0.06259
623.5,0.04321,0.04552,0.05499,0.05374,0.0656,0.06288
624,0.04179,0.04411,0.0533,0.05176,0.06512,0.06059
624.5,0.04214,0.04446,0.05365,0.05202,0.06522,0.06117
625,0.04214,0.04518,0.05228,0.05124,0.06436,0.06039
625.5,0.04236,0.04443,0.05275,0.05069,0.06383,0.06075
626,0.04152,0.04527,0.05237,0.04924,0.06377,0.06065
626.5,0.04176,0.04539,0.05231,0.04922,0.06296,0.06075
627,0.04219,0.04417,0.05247,0.04958,0.06364,0.05946
627.5,0.0421,0.04453,0.0515,0.0498,0.06346,0.06032
628,0.04149,0.04422,0.0509,0.05075,0.06155,0.05968
628.5,0.04103,0.04431,0.05186,0.04947,0.06281,0.05873
629,0.04115,0.04465,0.05223,0.04912,0.06308,0.05901
629.5,0.0412,0.0443,0.05173,0.05029,0.06216,0.05887
630,0.04187,0.04443,0.05214,0.04967,0.06296,0.05875
630.5,0.04057,0.04448,0.0511,0.0489,0.06268,0.05891
631,0.04068,0.04446,0.05032,0.04898,0.06171,0.0585
631.5,0.04065,0.04431,0.05081,0.04869,0.06187,0.05821
632,0.04099,0.04341,0.05051,0.04906,0.06152,0.05891
632.5,0.04111,0.0439,0.05011,0.04826,0.06183,0.05832
633,0.04167,0.04434,0.05087,0.04803,0.06268,0.05873
633.5,0.04219,0.04459,0.05119,0.04915,0.06279,0.05957
634,0.04259,0.04552,0.05173,0.05046,0.06314,0.05905
634.5,0.04344,0.0459,0.05193,0.05118,0.06404,0.06122
635,0.04439,0.04652,0.05388,0.05223,0.06396,0.06256
635.5,0.04454,0.04752,0.05551,0.05127,0.06563,0.06233
636,0.04431,0.04787,0.05482,0.05299,0.06631,0.06236
636.5,0.04462,0.04832,0.05544,0.05298,0.06783,0.06372
637,0.04526,0.04848,0.05594,0.05443,0.06801,0.06432
637.5,0.04677,0.05081,0.05768,0.0542,0.06947,0.06496
638,0.048,0.05147,0.05904,0.05609,0.07227,0.06703
638.5,0.04987,0.05351,0.06139,0.05859,0.07416,0.06932
639,0.05173,0.05371,0.06284,0.06046,0.0757,0.07054
639.5,0.0528,0.05586,0.06317,0.06111,0.07651,0.07188
640,0.0533,0.0573,0.06535,0.06316,0.07858,0.07556
640.5,0.05481,0.0583,0.0666,0.06392,0.08182,0.0762
641,0.0567,0.05994,0.06876,0.06604,0.08337,0.07869
641.5,0.05983,0.06229,0.07091,0.06961,0.0863,0.08099
642,0.06055,0.06526,0.07385,0.07069,0.08942,0.08536
642.5,0.0627,0.06679,0.07674,0.07359,0.09273,0.08612
643,0.06427,0.06952,0.07898,0.0762,0.0957,0.08942
643.5,0.06693,0.07033,0.0806,0.07854,0.09796,0.09201
644,0.06857,0.07233,0.08359,0.08055,0.10146,0.09563
644.5,0.07072,0.0751,0.08694,0.0833,0.10536,0.09804
645,0.07358,0.07773,0.08987,0.08638,0.10837,0.10199
645.5,0.07474,0.07889,0.09167,0.08817,0.11226,0.1048
646,0.07806,0.08215,0.09398,0.09062,0.1138,0.10626
646.5,0.07962,0.08466,0.09705,0.09412,0.11703,0.11217
647,0.0826,0.08737,0.09915,0.09659,0.12082,0.11435
647.5,0.08449,0.08977,0.10277,0.09993,0.12416,0.11665
648,0.08727,0.09198,0.10663,0.10336,0.12875,0.12135
648.5,0.08868,0.09413,0.10918,0.10619,0.13283,0.12624
649,0.09233,0.09804,0.11316,0.10919,0.13646,0.13005
649.5,0.095,0.10007,0.11685,0.1129,0.14043,0.13258
650,0.09767,0.10394,0.12021,0.11642,0.1443,0.13924
650.5,0.10109,0.1067,0.12492,0.11981,0.14949,0.14246
651,0.10355,0.11003,0.1273,0.12433,0.15492,0.14743
651.5,0.10695,0.11279,0.13341,0.12959,0.15967,0.15141
652,0.11113,0.11723,0.13782,0.13422,0.16685,0.15895
652.5,0.11433,0.12207,0.14198,0.13852,0.17261,0.16354
653,0.1189,0.12558,0.14798,0.14314,0.17902,0.16982
653.5,0.1234,0.1308,0.15388,0.14842,0.18459,0.17593
654,0.12875,0.13484,0.15993,0.15437,0.19412,0.1826
654.5,0.13245,0.13924,0.16566,0.16139,0.19926,0.18848
655,0.13634,0.1451,0.17119,0.16704,0.20749,0.19557
655.5,0.14067,0.15103,0.17821,0.1739,0.21474,0.20355
656,0.14723,0.1557,0.18513,0.17999,0.22241,0.21252
656.5,0.15283,0.16075,0.19212,0.18518,0.23128,0.21761
657,0.15915,0.16724,0.19987,0.19176,0.23962,0.22583
657.5,0.16362,0.17287,0.20581,0.20012,0.24815,0.2359
658,0.17009,0.17911,0.21234,0.20482,0.25644,0.24266
658.5,0.17395,0.18448,0.21945,0.21315,0.26311,0.25075
659,0.17758,0.1891,0.2249,0.21693,0.27101,0.25858
659.5,0.18185,0.1931,0.23193,0.22485,0.27745,0.26309
660,0.1873,0.19853,0.23747,0.23026,0.28429,0.2682
660.5,0.19089,0.20192,0.2411,0.23584,0.29135,0.2753
661,0.19492,0.20688,0.24707,0.23891,0.2951,0.27998
661.5,0.1971,0.2079,0.25101,0.24356,0.29961,0.28352
662,0.19966,0.21127,0.25357,0.24657,0.30399,0.28859
662.5,0.20192,0.2132,0.25542,0.24916,0.30611,0.28935
663,0.20238,0.21463,0.25697,0.24831,0.3083,0.29268
663.5,0.20335,0.21608,0.25822,0.25076,0.30956,0.29291
664,0.20358,0.21393,0.25754,0.24989,0.30898,0.29312
664.5,0.20255,0.21373,0.25772,0.2487,0.30579,0.29144
665,0.20024,0.21323,0.25392,0.24768,0.30466,0.28987
665.5,0.19821,0.20941,0.25175,0.24414,0.30156,0.28673
666,0.19513,0.20734,0.24939,0.24123,0.29747,0.28276
666.5,0.19185,0.20436,0.24324,0.23689,0.293,0.27794
667,0.18909,0.19873,0.24017,0.23122,0.28841,0.27251
667.5,0.18315,0.19557,0.23279,0.22804,0.28218,0.26724
668,0.17998,0.18973,0.2281,0.22061,0.27373,0.25841
668.5,0.17342,0.18225,0.21921,0.21454,0.26447,0.24974
669,0.16701,0.17665,0.21201,0.20697,0.25449,0.24287
669.5,0.15984,0.16995,0.20517,0.19887,0.24652,0.23433
670,0.15474,0.16478,0.19669,0.19151,0.23834,0.22562
670.5,0.14696,0.15678,0.18742,0.18248,0.22588,0.21472
671,0.14139,0.14996,0.17963,0.17511,0.21664,0.20401
671.5,0.13487,0.14168,0.17143,0.16544,0.20517,0.19493
672,0.12791,0.13504,0.16335,0.15678,0.19647,0.18434
672.5,0.12033,0.12677,0.15268,0.14867,0.18369,0.17267
673,0.11351,0.11865,0.14384,0.14023,0.17351,0.16316
673.5,0.10562,0.11073,0.13387,0.13036,0.16086,0.15363
674,0.0974,0.10423,0.12541,0.12096,0.15096,0.14294
674.5,0.09178,0.09673,0.11598,0.11259,0.14128,0.13235
675,0.08469,0.08861,0.10742,0.10419,0.13005,0.12309
675.5,0.07947,0.08311,0.10007,0.09592,0.12061,0.11282
676,0.073,0.07704,0.09097,0.08969,0.1122,0.10536
676.5,0.06725,0.07132,0.08571,0.08339,0.10394,0.09746
677,0.06308,0.06706,0.07971,0.07674,0.09583,0.09044
677.5,0.05725,0.06245,0.07265,0.07079,0.08778,0.08353
678,0.05273,0.05605,0.06758,0.06479,0.07951,0.0764
678.5,0.04861,0.05344,0.06102,0.05911,0.07449,0.07043
679,0.04385,0.04608,0.05653,0.05357,0.06702,0.06369
679.5,0.04025,0.04204,0.05006,0.04724,0.06093,0.05632
680,0.03415,0.03703,0.0453,0.04301,0.05479,0.05069
680.5,0.03287,0.03438,0.04062,0.03976,0.04977,0.04601
681,0.03079,0.03011,0.03807,0.0363,0.04581,0.0433
681.5,0.02802,0.03014,0.0367,0.0338,0.04135,0.03972
682,0.02585,0.02695,0.0325,0.03052,0.03851,0.03616
682.5,0.02377,0.02393,0.0287,0.02745,0.03445,0.03311
683,0.01921,0.02206,0.02522,0.02533,0.03064,0.02934
683.5,0.01909,0.01982,0.02412,0.02264,0.02902,0.02785
684,0.0163,0.01859,0.02179,0.01904,0.02467,0.02245
684.5,0.01495,0.01579,0.01891,0.0191,0.02188,0.02177
685,0.01297,0.01495,0.01674,0.01616,0.02074,0.01949
685.5,0.01149,0.01291,0.01563,0.0155,0.01991,0.01743
686,0.01022,0.01221,0.01451,0.01271,0.01721,0.01714
686.5,0.01118,0.01154,0.01317,0.01233,0.01585,0.01599
687,0.00946,0.01094,0.01256,0.01096,0.0144,0.01395
687.5,0.0092,0.01067,0.01147,0.00984,0.01291,0.0119
688,0.00789,0.00941,0.00957,0.00957,0.0123,0.01202
688.5,0.00752,0.00816,0.00873,0.00742,0.01054,0.00984
689,0.00589,0.00639,0.00801,0.00677,0.00987,0.00786
689.5,0.00433,0.00549,0.00739,0.00563,0.00909,0.00787
690,0.00536,0.00591,0.00587,0.0063,0.00778,0.00667
690.5,0.0051,0.00549,0.00574,0.00462,0.00735,0.00589
691,0.00447,0.00523,0.00589,0.0051,0.00705,0.00577
691.5,0.00484,0.00528,0.00572,0.0049,0.00642,0.00591
692,0.00415,0.0051,0.00581,0.00505,0.00775,0.00586
692.5,0.00482,0.00421,0.00456,0.00354,0.00679,0.00497
693,0.00406,0.00488,0.00465,0.00342,0.00534,0.00616
693.5,0.00304,0.00339,0.0042,0.00371,0.00342,0.00565
694,0.00241,0.00363,0.00363,0.00209,0.00421,0.00441
694.5,0.00096,0.00256,0.00266,0.00195,0.00372,0.00316
695,0.00145,0.00262,0.00168,0.00148,0.00311,0.00198
695.5,0.00194,0.00299,0.00185,0.00163,0.00351,0.00374
696,0.00177,0.00201,0.00273,0.00168,0.00276,0.0024
696.5,0.00182,0.00288,0.00139,-0.00021,0.00186,0.00061
697,0.00029,0.00157,0.00092,0.00018,-0.00024,0.0018
697.5,0.00163,0.0002,0.00056,-0.00092,-0.00008,0.00104
698,0.0002,0.00159,0.0018,0.00047,0.00105,0.0002
698.5,0.00157,0.00182,0.00108,0.00082,0.00056,0.00029
699,0.00111,0.00175,0.0005,0.00127,0.0023,0.00182
699.5,0.00227,0.00131,0.00092,0.00212,0.00238,0.00253
700,0.00185,0.00066,0.00133,0.0005,0.00175,0.00133
700.5,0.00023,0.00279,-0.00043,0.00066,0.00227,0.00192
701,0.0004,-0.00049,0.00024,-0.00114,0.0002,0.00128
701.5,0.00113,0.00038,-0.00093,-0.00034,0.00046,0.00073
702,-0.0007,0.00015,0.00111,-0.00058,-0.00024,-0.00006
702.5,-0.00159,-0.00032,0.00117,-0.00107,0.00055,-0.00038
703,-0.00085,-0.00049,0.00034,0.00087,-0.00162,-0.00101
703.5,-0.00041,0.00015,-0.00041,-0.00076,0.00058,0.00029
704,0.00018,0.00041,-0.00066,0.00006,0.00034,0.00064
704.5,0.00027,-0.00101,0.00075,-0.00006,0.0005,-0.00056
705,0.00006,0.00064,-0.00044,0.0013,-0.00035,0.00087
705.5,0.00049,-0.0007,-0.0007,0.00018,-0.00058,-0.00076
706,-0.0014,-0.00111,0,-0.00067,0,-0.00116
706.5,0.00128,-0.00026,0.00043,-0.00085,-0.00017,-0.0004
707,0.00145,-0.00095,-0.00081,-0.00079,-0.00034,-0.00122
707.5,0.00047,-0.00095,-0.00066,-0.00081,-0.00031,-0.00107
708,-0.00079,-0.00006,-0.00093,-0.00044,-0.00056,-0.00125
708.5,0.00055,-0.00078,0.00038,-0.00159,-0.00159,-0.00075
709,0.00014,-0.00011,-0.00003,-0.00098,-0.00092,-0.00107
709.5,-0.00078,0.00037,-0.0011,-0.00101,-0.0002,-0.00038
710,-0.00113,0.0004,-0.00119,-0.00281,-0.00038,-0.00034
710.5,-0.00133,-0.00079,-0.00122,-0.00146,-0.00014,-0.00174
711,-0.00023,-0.00044,-0.00142,-0.00104,-0.00084,-0.00105
711.5,0.00037,0.00073,-0.00047,-0.00102,-0.00012,-0.00076
712,-0.00122,0.0006,0.00032,-0.00072,0.00014,-0.00056
712.5,0.00075,0.00104,0.00121,0.00073,0.00038,-0.00049
713,0.00046,-0.00038,-0.00024,-0.00095,-0.0002,0.00029
713.5,0.00005,-0.00031,-0.00063,-0.00017,0.0005,-0.0005
714,0.00113,0.00085,-0.00089,0.0004,0.00011,0.00056
714.5,0.00009,0.00084,0.0007,-0.0005,0.00084,-0.00012
715,0.00055,0.00203,0.00018,0.00117,-0.00008,0.00136
715.5,0.00168,0.00073,0.00102,0.00092,0.00151,0.0009
716,0.00023,0.0018,0.00104,0.00148,0.00159,0.00014
716.5,0.0009,0.00145,0.00015,-0.00012,-0.00012,-0.00041
717,-0.00006,0.00099,-0.00137,-0.0005,0.00047,0
717.5,-0.00015,0.00136,0.00075,-0.00049,0.00124,0.00067
718,0.00076,0.00066,0.00069,-0.00017,0.00012,-0.00095
718.5,0.00101,0.00183,0.0002,0.00055,0.00058,0.00024
719,0.00139,0.00085,0.00104,0.00011,-0.00041,-0.00052
719.5,0.0005,0.00034,0.0011,0.00076,0.00043,0.00043
720,-0.00186,0.00055,-0.0002,-0.0013,0.00114,-0.00003
720.5,-0.00017,-0.00034,-0.00119,-0.00003,-0.00029,-0.00044
721,0.00127,-0.00078,-0.00034,-0.00021,0.00006,0.00041
721.5,-0.00204,-0.00021,-0.00107,0,-0.00011,-0.00218
722,-0.00029,-0.00114,-0.00116,-0.00211,-0.00139,-0.00084
722.5,-0.00148,-0.00012,-0.00157,-0.00204,-0.0004,-0.00128
723,-0.00159,-0.00058,-0.00157,-0.0013,-0.00139,-0.00206
723.5,-0.00162,-0.00139,-0.00287,-0.00237,-0.00148,-0.00221
724,-0.00029,-0.00182,-0.0024,-0.00206,-0.00319,-0.00105
724.5,-0.00192,-0.00211,-0.00328,-0.00218,-0.00258,-0.00206
725,-0.00107,-0.00032,-0.0025,-0.00043,-0.00183,-0.00243
725.5,-0.00034,-0.00034,-0.00053,-0.0013,-0.00098,-0.00194
726,0.00005,0.00084,-0.00072,-0.00034,-0.0007,0.0005
726.5,-0.00026,0.00093,0.00105,-0.0004,0.00029,0.00047
727,-0.00017,0.00121,-0.0007,-0.00095,0.00056,-0.00035
727.5,0.00024,-0.0005,0.00067,-0.0006,-0.00017,-0.00003
728,0.00021,0.00024,-0.0004,-0.00043,-0.00021,-0.00122
728.5,0.00037,0.00066,-0.00241,-0.00095,-0.00095,-0.00058
729,-0.00195,-0.00063,-0.00035,-0.00093,-0.00092,-0.00084
729.5,-0.00131,0.00014,-0.00194,-0.00317,-0.00122,-0.00264
730,-0.00113,-0.00081,-0.00095,-0.00121,-0.00159,-0.0016
730.5,-0.002,-0.00146,-0.002,0.00066,-0.00066,-0.00095
731,-0.00081,-0.00006,-0.00015,-0.00305,-0.00041,-0.00119
731.5,0.00015,0.00031,-0.00104,-0.00128,-0.00134,-0.00128
732,-0.0006,-0.00095,-0.00119,-0.00098,-0.00038,0.00015
732.5,-0.00098,-0.0004,-0.0022,-0.00153,-0.00192,-0.00157
733,-0.00166,-0.00153,-0.00047,-0.00043,-0.00096,-0.00153
733.5,-0.00075,-0.00172,-0.0011,-0.0007,-0.00281,-0.00237
734,-0.00151,-0.00011,-0.00175,-0.0013,-0.00122,-0.00214
734.5,-0.00066,-0.00105,-0.00256,-0.00182,-0.00211,-0.00156
735,-0.00185,-0.00089,-0.00143,-0.00172,-0.00121,-0.00122
735.5,-0.00078,-0.0011,-0.00159,-0.00029,-0.00075,-0.00101
736,0.00011,-0.00075,-0.00185,-0.00333,-0.00153,-0.00063
736.5,-0.00098,-0.00011,-0.00157,-0.00076,-0.0011,0.00076
737,-0.0005,0.00043,-0.0004,-0.00131,-0.00151,-0.00096
737.5,-0.00075,0.00038,-0.00043,-0.00066,0.00092,-0.00179
738,0.00018,0,-0.00047,-0.00143,-0.00012,-0.00183
738.5,0.0007,0.0009,0.00114,-0.00023,-0.00024,-0.00121
739,0.00011,0.00131,0.00023,-0.00058,-0.00047,-0.00137
739.5,-0.00072,-0.00044,0.00014,-0.00076,-0.00023,-0.00069
740,-0.00102,0.0011,-0.00081,-0.00058,-0.0006,0.00031
740.5,-0.00006,-0.0007,-0.0024,-0.00024,-0.00296,-0.00153
741,-0.00089,0.00038,-0.00146,-0.00093,0.00023,-0.00201
741.5,-0.00017,-0.00031,0.00079,-0.00182,-0.00041,-0.00203
742,0.00032,0.00185,0.00113,0.00041,-0.00035,0.00031
742.5,-0.00003,0.00099,0.0005,0.0018,-0.00085,0.00047
743,-0.00031,-0.00053,-0.00156,-0.00075,0.00078,0.00117
743.5,-0.00023,0.0002,-0.00125,-0.00078,-0.00075,0.00079
744,-0.00049,0.0006,-0.00066,0.00171,-0.00119,-0.00084
744.5,-0.00201,-0.00023,0.00066,-0.00066,-0.00165,-0.00075
745,-0.00032,0.00043,-0.00139,-0.00258,-0.00011,-0.0033
745.5,0.00014,-0.00182,-0.0029,-0.00206,0.00034,-0.00133
746,-0.00096,-0.0007,-0.00238,-0.00153,-0.00124,-0.00169
746.5,0.00087,-0.00072,-0.00053,-0.00166,-0.00159,-0.00186
747,0.00105,0.00075,-0.00182,-0.0004,-0.0013,-0.00153
747.5,-0.00157,-0.00043,-0.00098,-0.00116,0.00015,-0.00175
748,-0.00024,-0.00101,-0.0022,-0.00148,-0.00119,-0.00139
748.5,-0.00153,-0.00038,-0.00182,-0.00227,-0.00075,-0.00053
749,-0.00049,-0.00012,-0.00223,-0.00166,-0.00169,-0.00104
749.5,-0.00012,0.00085,-0.00017,-0.00162,-0.00049,-0.00146
750,-0.00047,-0.00012,-0.00166,-0.00047,-0.00137,0.00073
